window_start,window_end,registros,falhas,taxa_falha,paradas_relacionadas,candidatos_regras,alertas_emitidos,revisoes_hitl
2022-09-12T17:00:06,2022-09-12T18:00:06,390,75,0.19230769230769232,2,5,5,5
2022-09-12T17:15:06,2022-09-12T18:15:06,392,79,0.20153061224489796,2,4,2,1
2022-09-12T17:30:06,2022-09-12T18:30:06,405,87,0.21481481481481482,2,3,0,0
2022-09-12T17:45:06,2022-09-12T18:45:06,391,78,0.19948849104859334,2,2,0,0
2022-09-12T18:00:06,2022-09-12T19:00:06,387,69,0.17829457364341086,1,2,0,0
2022-09-12T18:15:06,2022-09-12T19:15:06,380,71,0.1868421052631579,2,4,2,2
2022-09-12T18:30:06,2022-09-12T19:30:06,374,69,0.18449197860962566,3,4,2,2
2022-09-12T18:45:06,2022-09-12T19:45:06,370,70,0.1891891891891892,3,3,1,0
2022-09-12T19:00:06,2022-09-12T20:00:06,366,77,0.2103825136612022,2,4,1,1
2022-09-12T19:15:06,2022-09-12T20:15:06,363,74,0.20385674931129477,2,2,0,0
2022-09-12T19:30:06,2022-09-12T20:30:06,351,70,0.19943019943019943,1,2,0,0
2022-09-12T19:45:06,2022-09-12T20:45:06,370,71,0.1918918918918919,0,4,2,2
2022-09-12T20:00:06,2022-09-12T21:00:06,377,67,0.17771883289124668,0,4,2,2
2022-09-12T20:15:06,2022-09-12T21:15:06,375,69,0.184,0,5,2,2
2022-09-12T20:30:06,2022-09-12T21:30:06,393,71,0.1806615776081425,0,3,1,0
2022-09-12T20:45:06,2022-09-12T21:45:06,371,72,0.1940700808625337,0,2,0,0
2022-09-12T21:00:06,2022-09-12T22:00:06,354,79,0.2231638418079096,0,4,2,2
2022-09-12T21:15:06,2022-09-12T22:15:06,280,66,0.2357142857142857,0,4,2,1
2022-09-12T21:30:06,2022-09-12T22:30:06,185,56,0.3027027027027027,0,3,1,1
2022-09-12T21:45:06,2022-09-12T22:45:06,106,39,0.36792452830188677,0,3,0,0
2022-09-12T22:00:06,2022-09-12T23:00:06,34,18,0.5294117647058824,0,2,0,0
2022-09-12T22:15:06,2022-09-12T23:15:06,29,14,0.4827586206896552,0,3,0,0
2022-09-12T22:30:06,2022-09-12T23:30:06,22,7,0.3181818181818182,0,2,0,0
2022-09-12T22:45:06,2022-09-12T23:45:06,17,5,0.29411764705882354,0,1,0,0
2022-09-12T23:00:06,2022-09-13T00:00:06,14,5,0.35714285714285715,0,1,0,0
2022-09-12T23:15:06,2022-09-13T00:15:06,3,0,0.0,0,1,0,0
2022-09-12T23:30:06,2022-09-13T00:30:06,1,0,0.0,0,1,0,0
2022-09-12T23:45:06,2022-09-13T00:45:06,0,0,0.0,0,0,0,0
2022-09-13T00:00:06,2022-09-13T01:00:06,0,0,0.0,0,0,0,0
2022-09-13T00:15:06,2022-09-13T01:15:06,0,0,0.0,0,0,0,0
2022-09-13T00:30:06,2022-09-13T01:30:06,0,0,0.0,0,0,0,0
2022-09-13T00:45:06,2022-09-13T01:45:06,0,0,0.0,0,0,0,0
2022-09-13T01:00:06,2022-09-13T02:00:06,0,0,0.0,0,0,0,0
2022-09-13T01:15:06,2022-09-13T02:15:06,0,0,0.0,0,0,0,0
2022-09-13T01:30:06,2022-09-13T02:30:06,0,0,0.0,0,0,0,0
2022-09-13T01:45:06,2022-09-13T02:45:06,0,0,0.0,0,0,0,0
2022-09-13T02:00:06,2022-09-13T03:00:06,0,0,0.0,0,0,0,0
2022-09-13T02:15:06,2022-09-13T03:15:06,0,0,0.0,0,0,0,0
2022-09-13T02:30:06,2022-09-13T03:30:06,0,0,0.0,0,0,0,0
2022-09-13T02:45:06,2022-09-13T03:45:06,0,0,0.0,0,0,0,0
2022-09-13T03:00:06,2022-09-13T04:00:06,0,0,0.0,0,0,0,0
2022-09-13T03:15:06,2022-09-13T04:15:06,0,0,0.0,0,0,0,0
2022-09-13T03:30:06,2022-09-13T04:30:06,0,0,0.0,0,0,0,0
2022-09-13T03:45:06,2022-09-13T04:45:06,0,0,0.0,0,0,0,0
2022-09-13T04:00:06,2022-09-13T05:00:06,0,0,0.0,0,0,0,0
2022-09-13T04:15:06,2022-09-13T05:15:06,0,0,0.0,0,0,0,0
2022-09-13T04:30:06,2022-09-13T05:30:06,0,0,0.0,0,0,0,0
2022-09-13T04:45:06,2022-09-13T05:45:06,0,0,0.0,0,0,0,0
2022-09-13T05:00:06,2022-09-13T06:00:06,1,0,0.0,0,1,1,1
2022-09-13T05:15:06,2022-09-13T06:15:06,78,11,0.14102564102564102,0,2,1,1
2022-09-13T05:30:06,2022-09-13T06:30:06,172,21,0.12209302325581395,0,1,0,0
2022-09-13T05:45:06,2022-09-13T06:45:06,262,30,0.11450381679389313,0,1,0,0
2022-09-13T06:00:06,2022-09-13T07:00:06,348,35,0.10057471264367816,0,1,0,0
2022-09-13T06:15:06,2022-09-13T07:15:06,352,31,0.08806818181818182,0,1,0,0
2022-09-13T06:30:06,2022-09-13T07:30:06,365,29,0.07945205479452055,0,1,0,0
2022-09-13T06:45:06,2022-09-13T07:45:06,356,24,0.06741573033707865,0,2,1,1
2022-09-13T07:00:06,2022-09-13T08:00:06,374,33,0.08823529411764706,0,2,0,0
2022-09-13T07:15:06,2022-09-13T08:15:06,385,32,0.08311688311688312,0,3,1,1
2022-09-13T07:30:06,2022-09-13T08:30:06,370,30,0.08108108108108109,0,3,1,0
2022-09-13T07:45:06,2022-09-13T08:45:06,377,32,0.08488063660477453,0,3,0,0
2022-09-13T08:00:06,2022-09-13T09:00:06,382,22,0.05759162303664921,0,2,0,0
2022-09-13T08:15:06,2022-09-13T09:15:06,384,47,0.12239583333333333,3,7,4,4
2022-09-13T08:30:06,2022-09-13T09:30:06,392,80,0.20408163265306123,3,10,6,6
2022-09-13T08:45:06,2022-09-13T09:45:06,389,104,0.26735218508997427,3,9,2,1
2022-09-13T09:00:06,2022-09-13T10:00:06,385,140,0.36363636363636365,3,10,0,0
2022-09-13T09:15:06,2022-09-13T10:15:06,392,141,0.3596938775510204,3,10,1,1
2022-09-13T09:30:06,2022-09-13T10:30:06,399,144,0.3609022556390977,1,11,1,1
2022-09-13T09:45:06,2022-09-13T10:45:06,416,120,0.28846153846153844,1,11,1,1
2022-09-13T10:00:06,2022-09-13T11:00:06,420,87,0.20714285714285716,1,12,2,1
2022-09-13T10:15:06,2022-09-13T11:15:06,438,63,0.14383561643835616,1,11,0,0
2022-09-13T10:30:06,2022-09-13T11:30:06,413,23,0.05569007263922518,1,7,0,0
2022-09-13T10:45:06,2022-09-13T11:45:06,422,23,0.054502369668246446,1,7,0,0
2022-09-13T11:00:06,2022-09-13T12:00:06,395,25,0.06329113924050633,1,7,0,0
2022-09-13T11:15:06,2022-09-13T12:15:06,364,28,0.07692307692307693,1,7,0,0
2022-09-13T11:30:06,2022-09-13T12:30:06,389,35,0.08997429305912596,1,7,0,0
2022-09-13T11:45:06,2022-09-13T12:45:06,371,32,0.0862533692722372,0,3,0,0
2022-09-13T12:00:06,2022-09-13T13:00:06,385,33,0.08571428571428572,0,6,1,1
2022-09-13T12:15:06,2022-09-13T13:15:06,392,30,0.07653061224489796,0,4,1,1
2022-09-13T12:30:06,2022-09-13T13:30:06,388,31,0.07989690721649484,0,4,0,0
2022-09-13T12:45:06,2022-09-13T13:45:06,383,31,0.08093994778067885,0,3,0,0
2022-09-13T13:00:06,2022-09-13T14:00:06,326,23,0.0705521472392638,0,3,0,0
2022-09-13T13:15:06,2022-09-13T14:15:06,338,23,0.06804733727810651,0,3,0,0
2022-09-13T13:30:06,2022-09-13T14:30:06,321,19,0.059190031152647975,0,3,0,0
2022-09-13T13:45:06,2022-09-13T14:45:06,319,25,0.07836990595611286,0,4,1,1
2022-09-13T14:00:06,2022-09-13T15:00:06,350,30,0.08571428571428572,0,4,1,0
2022-09-13T14:15:06,2022-09-13T15:15:06,337,29,0.08605341246290801,0,4,0,0
2022-09-13T14:30:06,2022-09-13T15:30:06,337,27,0.08011869436201781,0,4,0,0
2022-09-13T14:45:06,2022-09-13T15:45:06,334,27,0.08083832335329341,0,5,1,1
2022-09-13T15:00:06,2022-09-13T16:00:06,353,26,0.07365439093484419,0,4,0,0
2022-09-13T15:15:06,2022-09-13T16:15:06,347,25,0.07204610951008646,0,4,0,0
2022-09-13T15:30:06,2022-09-13T16:30:06,351,30,0.08547008547008547,0,4,0,0
2022-09-13T15:45:06,2022-09-13T16:45:06,350,29,0.08285714285714285,0,4,0,0
2022-09-13T16:00:06,2022-09-13T17:00:06,358,30,0.08379888268156424,1,4,0,0
2022-09-13T16:15:06,2022-09-13T17:15:06,346,29,0.0838150289017341,1,4,0,0
2022-09-13T16:30:06,2022-09-13T17:30:06,339,31,0.09144542772861357,2,6,2,2
2022-09-13T16:45:06,2022-09-13T17:45:06,356,29,0.08146067415730338,2,6,2,1
2022-09-13T17:00:06,2022-09-13T18:00:06,366,32,0.08743169398907104,2,6,1,0
2022-09-13T17:15:06,2022-09-13T18:15:06,383,36,0.09399477806788512,1,6,1,0
2022-09-13T17:30:06,2022-09-13T18:30:06,400,35,0.0875,1,6,0,0
2022-09-13T17:45:06,2022-09-13T18:45:06,395,39,0.09873417721518987,0,5,0,0
2022-09-13T18:00:06,2022-09-13T19:00:06,382,36,0.09424083769633508,0,4,0,0
2022-09-13T18:15:06,2022-09-13T19:15:06,376,31,0.08244680851063829,0,4,0,0
2022-09-13T18:30:06,2022-09-13T19:30:06,357,30,0.08403361344537816,1,6,2,2
2022-09-13T18:45:06,2022-09-13T19:45:06,348,24,0.06896551724137931,1,4,0,0
2022-09-13T19:00:06,2022-09-13T20:00:06,332,28,0.08433734939759036,1,6,2,2
2022-09-13T19:15:06,2022-09-13T20:15:06,337,35,0.10385756676557864,2,7,3,2
2022-09-13T19:30:06,2022-09-13T20:30:06,349,35,0.10028653295128939,2,4,0,0
2022-09-13T19:45:06,2022-09-13T20:45:06,342,39,0.11403508771929824,1,6,1,1
2022-09-13T20:00:06,2022-09-13T21:00:06,353,45,0.1274787535410765,1,6,2,1
2022-09-13T20:15:06,2022-09-13T21:15:06,351,38,0.10826210826210826,1,6,0,0
2022-09-13T20:30:06,2022-09-13T21:30:06,342,39,0.11403508771929824,1,6,1,1
2022-09-13T20:45:06,2022-09-13T21:45:06,361,37,0.10249307479224377,0,5,0,0
2022-09-13T21:00:06,2022-09-13T22:00:06,336,28,0.08333333333333333,0,6,1,1
2022-09-13T21:15:06,2022-09-13T22:15:06,252,26,0.10317460317460317,0,7,2,1
2022-09-13T21:30:06,2022-09-13T22:30:06,172,16,0.09302325581395349,0,5,0,0
2022-09-13T21:45:06,2022-09-13T22:45:06,82,12,0.14634146341463414,0,4,0,0
2022-09-13T22:00:06,2022-09-13T23:00:06,21,4,0.19047619047619047,0,3,0,0
2022-09-13T22:15:06,2022-09-13T23:15:06,20,2,0.1,0,3,0,0
2022-09-13T22:30:06,2022-09-13T23:30:06,16,2,0.125,0,3,0,0
2022-09-13T22:45:06,2022-09-13T23:45:06,9,0,0.0,0,3,0,0
2022-09-13T23:00:06,2022-09-14T00:00:06,5,0,0.0,0,3,0,0
2022-09-13T23:15:06,2022-09-14T00:15:06,0,0,0.0,0,0,0,0
2022-09-13T23:30:06,2022-09-14T00:30:06,0,0,0.0,0,0,0,0
2022-09-13T23:45:06,2022-09-14T00:45:06,0,0,0.0,0,0,0,0
2022-09-14T00:00:06,2022-09-14T01:00:06,0,0,0.0,0,0,0,0
2022-09-14T00:15:06,2022-09-14T01:15:06,0,0,0.0,0,0,0,0
2022-09-14T00:30:06,2022-09-14T01:30:06,0,0,0.0,0,0,0,0
2022-09-14T00:45:06,2022-09-14T01:45:06,0,0,0.0,0,0,0,0
2022-09-14T01:00:06,2022-09-14T02:00:06,0,0,0.0,0,0,0,0
2022-09-14T01:15:06,2022-09-14T02:15:06,0,0,0.0,0,0,0,0
2022-09-14T01:30:06,2022-09-14T02:30:06,0,0,0.0,0,0,0,0
2022-09-14T01:45:06,2022-09-14T02:45:06,0,0,0.0,0,0,0,0
2022-09-14T02:00:06,2022-09-14T03:00:06,0,0,0.0,0,0,0,0
2022-09-14T02:15:06,2022-09-14T03:15:06,0,0,0.0,0,0,0,0
2022-09-14T02:30:06,2022-09-14T03:30:06,0,0,0.0,0,0,0,0
2022-09-14T02:45:06,2022-09-14T03:45:06,0,0,0.0,0,0,0,0
2022-09-14T03:00:06,2022-09-14T04:00:06,0,0,0.0,0,0,0,0
2022-09-14T03:15:06,2022-09-14T04:15:06,0,0,0.0,0,0,0,0
2022-09-14T03:30:06,2022-09-14T04:30:06,0,0,0.0,0,0,0,0
2022-09-14T03:45:06,2022-09-14T04:45:06,0,0,0.0,0,0,0,0
2022-09-14T04:00:06,2022-09-14T05:00:06,0,0,0.0,0,0,0,0
2022-09-14T04:15:06,2022-09-14T05:15:06,0,0,0.0,0,0,0,0
2022-09-14T04:30:06,2022-09-14T05:30:06,0,0,0.0,0,0,0,0
2022-09-14T04:45:06,2022-09-14T05:45:06,0,0,0.0,0,0,0,0
2022-09-14T05:00:06,2022-09-14T06:00:06,0,0,0.0,0,0,0,0
2022-09-14T05:15:06,2022-09-14T06:15:06,105,9,0.08571428571428572,0,4,4,4
2022-09-14T05:30:06,2022-09-14T06:30:06,191,21,0.1099476439790576,0,4,0,0
2022-09-14T05:45:06,2022-09-14T06:45:06,276,29,0.10507246376811594,0,4,0,0
2022-09-14T06:00:06,2022-09-14T07:00:06,388,34,0.08762886597938144,0,4,0,0
2022-09-14T06:15:06,2022-09-14T07:15:06,370,31,0.08378378378378379,0,5,1,1
2022-09-14T06:30:06,2022-09-14T07:30:06,377,31,0.08222811671087533,0,5,0,0
2022-09-14T06:45:06,2022-09-14T07:45:06,383,30,0.0783289817232376,0,6,1,1
2022-09-14T07:00:06,2022-09-14T08:00:06,344,32,0.09302325581395349,0,6,1,0
2022-09-14T07:15:06,2022-09-14T08:15:06,359,34,0.0947075208913649,0,6,0,0
2022-09-14T07:30:06,2022-09-14T08:30:06,359,27,0.07520891364902507,0,6,0,0
2022-09-14T07:45:06,2022-09-14T08:45:06,364,29,0.07967032967032966,0,6,0,0
2022-09-14T08:00:06,2022-09-14T09:00:06,376,28,0.07446808510638298,1,5,0,0
2022-09-14T08:15:06,2022-09-14T09:15:06,372,30,0.08064516129032258,1,5,0,0
2022-09-14T08:30:06,2022-09-14T09:30:06,375,34,0.09066666666666667,1,5,0,0
2022-09-14T08:45:06,2022-09-14T09:45:06,368,34,0.09239130434782608,1,5,0,0
2022-09-14T09:00:06,2022-09-14T10:00:06,393,33,0.08396946564885496,1,5,0,0
2022-09-14T09:15:06,2022-09-14T10:15:06,398,29,0.0728643216080402,0,5,0,0
2022-09-14T09:30:06,2022-09-14T10:30:06,393,29,0.0737913486005089,0,5,0,0
2022-09-14T09:45:06,2022-09-14T10:45:06,397,22,0.055415617128463476,0,5,0,0
2022-09-14T10:00:06,2022-09-14T11:00:06,370,28,0.07567567567567568,0,5,0,0
2022-09-14T10:15:06,2022-09-14T11:15:06,351,30,0.08547008547008547,2,5,0,0
2022-09-14T10:30:06,2022-09-14T11:30:06,357,34,0.09523809523809523,3,7,2,2
2022-09-14T10:45:06,2022-09-14T11:45:06,372,55,0.1478494623655914,3,8,3,3
2022-09-14T11:00:06,2022-09-14T12:00:06,380,62,0.1631578947368421,3,9,2,1
2022-09-14T11:15:06,2022-09-14T12:15:06,394,71,0.1802030456852792,3,9,1,0
2022-09-14T11:30:06,2022-09-14T12:30:06,381,74,0.1942257217847769,2,9,0,0
2022-09-14T11:45:06,2022-09-14T12:45:06,383,71,0.185378590078329,1,9,0,0
2022-09-14T12:00:06,2022-09-14T13:00:06,402,64,0.15920398009950248,1,9,0,0
2022-09-14T12:15:06,2022-09-14T13:15:06,395,50,0.12658227848101267,1,9,0,0
2022-09-14T12:30:06,2022-09-14T13:30:06,424,43,0.10141509433962265,1,8,0,0
2022-09-14T12:45:06,2022-09-14T13:45:06,407,28,0.0687960687960688,0,7,0,0
2022-09-14T13:00:06,2022-09-14T14:00:06,366,24,0.06557377049180328,0,8,0,0
2022-09-14T13:15:06,2022-09-14T14:15:06,368,25,0.06793478260869565,0,7,0,0
2022-09-14T13:30:06,2022-09-14T14:30:06,354,21,0.059322033898305086,0,7,0,0
2022-09-14T13:45:06,2022-09-14T14:45:06,366,25,0.06830601092896176,0,6,0,0
2022-09-14T14:00:06,2022-09-14T15:00:06,378,26,0.06878306878306878,0,5,0,0
2022-09-14T14:15:06,2022-09-14T15:15:06,385,28,0.07272727272727272,0,5,0,0
2022-09-14T14:30:06,2022-09-14T15:30:06,367,32,0.08719346049046321,0,5,0,0
2022-09-14T14:45:06,2022-09-14T15:45:06,366,34,0.09289617486338798,0,6,1,1
2022-09-14T15:00:06,2022-09-14T16:00:06,372,34,0.0913978494623656,0,5,0,0
2022-09-14T15:15:06,2022-09-14T16:15:06,360,40,0.1111111111111111,0,8,2,2
2022-09-14T15:30:06,2022-09-14T16:30:06,367,41,0.11171662125340599,0,7,2,0
2022-09-14T15:45:06,2022-09-14T16:45:06,360,40,0.1111111111111111,0,9,1,1
2022-09-14T16:00:06,2022-09-14T17:00:06,376,44,0.11702127659574468,0,9,1,1
2022-09-14T16:15:06,2022-09-14T17:15:06,391,37,0.09462915601023018,0,8,0,0
2022-09-14T16:30:06,2022-09-14T17:30:06,393,37,0.09414758269720101,1,8,0,0
2022-09-14T16:45:06,2022-09-14T17:45:06,399,32,0.08020050125313283,1,7,0,0
2022-09-14T17:00:06,2022-09-14T18:00:06,376,32,0.0851063829787234,1,8,1,1
2022-09-14T17:15:06,2022-09-14T18:15:06,365,29,0.07945205479452055,1,6,0,0
2022-09-14T17:30:06,2022-09-14T18:30:06,362,26,0.0718232044198895,1,6,0,0
2022-09-14T17:45:06,2022-09-14T18:45:06,348,22,0.06321839080459771,0,6,0,0
2022-09-14T18:00:06,2022-09-14T19:00:06,347,15,0.043227665706051875,1,6,0,0
2022-09-14T18:15:06,2022-09-14T19:15:06,334,15,0.04491017964071856,1,6,0,0
2022-09-14T18:30:06,2022-09-14T19:30:06,342,13,0.038011695906432746,1,7,1,1
2022-09-14T18:45:06,2022-09-14T19:45:06,332,18,0.05421686746987952,1,7,1,0
2022-09-14T19:00:06,2022-09-14T20:00:06,323,19,0.058823529411764705,1,6,0,0
2022-09-14T19:15:06,2022-09-14T20:15:06,331,26,0.07854984894259819,0,7,0,0
2022-09-14T19:30:06,2022-09-14T20:30:06,328,32,0.0975609756097561,0,6,0,0
2022-09-14T19:45:06,2022-09-14T20:45:06,339,34,0.10029498525073746,0,6,0,0
2022-09-14T20:00:06,2022-09-14T21:00:06,365,35,0.0958904109589041,0,7,1,1
2022-09-14T20:15:06,2022-09-14T21:15:06,359,30,0.08356545961002786,0,6,0,0
2022-09-14T20:30:06,2022-09-14T21:30:06,355,27,0.07605633802816901,0,6,0,0
2022-09-14T20:45:06,2022-09-14T21:45:06,349,30,0.08595988538681948,0,8,2,2
2022-09-14T21:00:06,2022-09-14T22:00:06,322,26,0.08074534161490683,0,6,0,0
2022-09-14T21:15:06,2022-09-14T22:15:06,248,24,0.0967741935483871,0,8,1,1
2022-09-14T21:30:06,2022-09-14T22:30:06,165,16,0.09696969696969697,0,7,1,1
2022-09-14T21:45:06,2022-09-14T22:45:06,83,5,0.060240963855421686,0,6,0,0
2022-09-14T22:00:06,2022-09-14T23:00:06,21,3,0.14285714285714285,0,6,0,0
2022-09-14T22:15:06,2022-09-14T23:15:06,18,1,0.05555555555555555,0,6,0,0
2022-09-14T22:30:06,2022-09-14T23:30:06,14,1,0.07142857142857142,0,6,0,0
